Horodateur,أي اللغات تتكلم؟ (اختر كل اللغات التي تتكلمها),الجنس؟,العمر (بالسنة),الطول (بالسنتيمتر),الوزن (بالكيلوجرام),ما هي المسافة التي ستقطعها لحضور الزفاف؟,كيف تصف علاقتك بـ: [عبد الرحمن],كيف تصف علاقتك بـ: [دانية]
15/06/2021 22:53:42,"الانجليزية, الفرنسية, العربية",أنثى,55,166,66,201+ Km,من العائلة,من العائلة
15/06/2021 23:00:19,العربية,ذكر,54,167,82,201+ Km,من العائلة,من العائلة
16/06/2021 14:04:03,"الانجليزية, العربية",ذكر,36,10000,10000,201+ Km,من العائلة,من العائلة
16/06/2021 14:20:32,"الانجليزية, العربية, الماني",ذكر,24,176,ما حزرت,201+ Km,من هذا؟,معرفة
16/06/2021 19:55:40,العربية,أنثى,85,156,65,201+ Km,من العائلة,من العائلة
16/06/2021 21:35:39,"العربية, Italiano ",أنثى,35,163,100,201+ Km,من العائلة,من العائلة
16/06/2021 22:12:46,"الانجليزية, العربية",ذكر,34,189,93,201+ Km,صديق مقرب,من هذا؟
17/06/2021 07:13:43,"الانجليزية, العربية",أنثى,48,161,54,51-100 Km,صديق,صديق
19/06/2021 02:57:59,"الفرنسية, العربية",أنثى,42,164,65,201+ Km,صديق,معرفة
20/06/2021 14:53:24,"الفرنسية, العربية",أنثى,26,175,5,1-10 Km,من هذا؟,صديق
20/06/2021 19:59:31,"الانجليزية, العربية",ذكر,36,175,92,11-30 Km,صديق,من العائلة
23/06/2021 12:27:08,"الانجليزية, الفرنسية, العربية",ذكر,22,182,73,201+ Km,من العائلة,من هذا؟
26/06/2021 18:33:46,"الفرنسية, العربية",أنثى,53سنة,168,7,101-200 Km,صديق,صديق
26/06/2021 18:35:13,"الفرنسية, العربية",أنثى,17,160,50,101-200 Km,صديق,صديق
26/06/2021 18:36:16,"الفرنسية, العربية",ذكر,24,173,60,101-200 Km,صديق,صديق
26/06/2021 22:48:49,"الانجليزية, العربية, الالمانية",ذكر,25,170,82,201+ Km,صديق مقرب,من هذا؟
26/06/2021 22:48:58,"الانجليزية, العربية, الألمانية",ذكر,25,181,81,201+ Km,صديق مقرب,من هذا؟
27/06/2021 22:33:27,"الفرنسية, العربية",أنثى,56,155,60,11-30 Km,من هذا؟,صديق مقرب
29/06/2021 09:25:18,"الانجليزية, الفرنسية, العربية",أنثى,44,166,62,201+ Km,معرفة,معرفة
29/06/2021 21:15:10,"الانجليزية, العربية",أنثى,28,165,56,201+ Km,من العائلة,من هذا؟
30/06/2021 21:17:28,"الانجليزية, الفرنسية, العربية",أنثى,35,165,65,11-30 Km,من هذا؟,صديق مقرب
01/07/2021 19:40:14,العربية,أنثى, 44,167,75,11-30 Km,صديق,صديق
02/07/2021 23:23:02,"الانجليزية, الفرنسية, العربية",أنثى,57,159,60,201+ Km,صديق,صديق مقرب
08/07/2021 00:38:25,"الانجليزية, الفرنسية, العربية",أنثى,35,165,61,1-10 Km,صديق,صديق مقرب
17/07/2021 23:16:48,العربية,أنثى,39,165,80,1-10 Km,صديق,صديق
22/07/2021 02:07:31,العربية,أنثى,34,164,70,1-10 Km,من العائلة,من العائلة